guest_id,check_in_date,room_number,guest_name,bill_amount
1,2025-11-07,337,polremgven,1431.54
2,2025-08-23,445,fiysytifiw,248.04
3,2025-05-23,496,wwqisbvuch,1149.02
4,2025-11-11,135,umgzjdhxan,915.44
5,2025-04-10,142,lkfczllzso,1315.39
6,2025-02-17,278,htwvqjuqje,475.5
7,2025-03-09,444,duhwtbbmwi,920.34
8,2025-10-07,452,fedmriznog,1272.18
9,2025-03-11,359,oerlwzmfbe,885.83
10,2025-12-07,394,bsiaattajs,1007.9
11,2025-03-26,123,namcwzwuoz,1215.62
12,2025-07-06,247,irfsqfqkam,791.12
13,2025-06-01,118,ddnorozrha,847.72
14,2025-10-08,222,jkgbivljpi,1484.02
15,2025-05-10,232,vubtmzysui,658.47
16,2025-01-16,388,uhinamkkpe,624.08
17,2025-08-05,102,spjiujhapw,170.22
18,2025-11-19,240,tyanmpsgmj,582.75
19,2025-11-17,319,ijmjvszyte,892.6
20,2025-04-10,355,nkfpnultcx,526.24
21,2025-11-26,425,mwlgqndbpk,662.45
22,2025-07-23,302,qnhjwkyqbv,790.86
23,2025-09-20,141,gvifwuxsou,1468.96
24,2025-10-14,225,lqsswoaxof,426.61
25,2025-07-23,427,cffhlcacaj,1174.43
26,2025-12-25,159,ijpqspstyz,988.71
27,2025-08-17,472,vjorfdprja,1347.09
28,2025-07-10,424,famqckwikk,866.33
29,2025-03-25,142,uwgvttdrce,695.89
30,2025-12-05,215,yhqihcowri,394.25
31,2025-11-04,118,nktwiofxou,1271.65
32,2025-12-14,130,nmssrwclhn,126.9
33,2025-04-23,318,mgvbxlusan,914.12
34,2025-02-15,318,dqyhwvzfhf,424.05
35,2025-04-13,217,pfupwhoibl,1178.08
36,2025-04-26,129,mpxtmqzlqi,1054.19
37,2025-10-21,235,eeoyhaccwb,423.93
38,2025-11-28,496,yuwhyjogzu,1141.03
39,2025-05-03,279,wxzwfwpglb,686.93
40,2025-08-28,451,spdzzzmtqs,1204.23
41,2025-02-20,496,namjgaxkca,510.41
42,2025-03-30,346,takgatkedl,947.17
43,2025-06-05,357,znxqyubsxx,1054.45
44,2025-09-25,469,yszctodxhe,402.19
45,2025-09-14,362,ckeijuskep,1315.44
46,2025-12-09,401,teuqaytdxn,1386.2
47,2025-06-08,177,dxqzubidke,1267.33
48,2025-08-04,469,bsafaszprk,438.34
49,2025-01-19,322,tkwbctvmlm,534.29
50,2025-05-29,310,ekchcvfesc,512.37
51,2025-08-24,101,ksevpswqru,387.46
52,2025-05-22,247,ozbydecicb,623.55
53,2025-11-10,417,gfprtbxunk,579.5
54,2025-02-05,356,epcbqboppt,1360.75
55,2025-08-03,437,hfixkktlcl,411.07
56,2025-10-26,297,evnqmdiffm,1094.05
57,2025-12-20,108,bpzajxcsbs,1270.05
58,2025-03-07,427,ygsprlaqvg,740.25
59,2025-12-18,203,dywxjwqhmp,677.82
60,2025-10-17,365,hjpuadsbxc,1032.34
61,2025-06-18,324,ogpefrvvxd,320.33
62,2025-02-08,208,ivlnybzadu,379.43
63,2025-10-03,287,lisaarmmvk,450.67
64,2025-04-21,423,kwzvihitus,846.37
65,2025-11-08,258,opwvxqolwk,791.99
66,2025-12-05,169,awtlppewpe,1499.27
67,2025-08-29,291,fchocvkbkw,1070.93
68,2025-01-28,474,bqrmdrtxyb,1234.69
69,2025-01-22,451,hqibjinplx,235.04
70,2025-02-11,487,vryolxjvlv,59.22
71,2025-01-28,253,nnmcxtochh,1411.0
72,2025-03-31,243,tlrzksjydq,83.52
73,2025-03-22,392,pbanzezvko,999.21
74,2025-03-02,423,ccuowesafm,434.38
75,2025-11-22,140,kvpryhztae,549.51
76,2025-08-24,458,usvfcdnoik,483.14
77,2025-04-10,249,hulnhfkioq,1226.92
78,2025-01-11,295,fhxwevveda,303.64
79,2025-12-15,489,evjouddxeu,738.83
80,2025-12-17,234,gehyimfhim,552.01
81,2025-10-27,490,uceslmlhfc,668.98
82,2025-03-31,442,rjsdcmsday,296.26
83,2025-09-20,415,ropraxdhvk,387.12
84,2025-04-04,282,sbonycxxpb,417.31
85,2025-04-17,402,hczzezuywh,1124.83
86,2025-04-03,129,zcnoskpzow,509.93
87,2025-09-22,486,hrlbbnqckk,64.82
88,2025-10-14,318,qvmbkcrkfc,821.25
89,2025-06-05,426,pyucvvqdcg,1292.48
90,2025-08-14,286,infacqkvek,1096.68
91,2025-05-22,473,uxmngsyywx,81.63
92,2025-09-03,483,pwarblaqph,1166.25
93,2025-10-20,322,zgcikzioqd,431.59
94,2025-05-13,448,qnfopltnro,1211.38
95,2025-08-04,375,oqxuullfcw,1104.85
96,2025-12-28,334,tmtdlaqdfj,1421.34
97,2025-09-02,408,jtdsyhlysw,754.03
98,2025-02-28,381,hfwrdgzsdd,1112.16
99,2025-12-24,395,sjenehctki,1132.86
100,2025-05-06,429,brmjryljsi,135.73
101,2025-09-19,374,tfmjeulkuy,1032.82
102,2025-08-17,222,zdbevklojs,246.91
103,2025-02-28,161,yjqgqkjuhm,218.76
104,2025-09-27,180,jblndgjodd,1021.11
105,2025-08-15,277,lizwssejxt,469.2
106,2025-12-09,251,aqezrakics,176.16
107,2025-05-19,112,yikonxfyjg,176.52
108,2025-06-06,503,npotffrnnc,1303.56
109,2025-02-16,221,qoicezvdxj,822.46
110,2025-10-05,464,cxcppgehmm,344.18
111,2025-05-13,475,ylaaogyiyu,1311.0
112,2025-03-07,132,wmuaizkmlc,533.24
113,2025-12-13,287,qjqvqxsmjt,275.79
114,2025-10-30,424,abbbquhjyk,742.82
115,2025-07-29,259,mmqomobndd,256.82
116,2025-02-23,188,nxofroqeyo,1148.64
117,2025-06-01,222,tetmbqnbby,450.17
118,2025-12-27,230,dkzicqhjyw,351.41
119,2025-07-18,326,dvmcodkbzc,1159.35
120,2025-08-23,248,xrsyczydad,232.16
121,2025-02-02,352,ekuzkqztwn,1164.86
122,2025-08-28,266,bvuzxaqdkq,1310.13
123,2025-04-02,504,usvkcythpt,1473.44
124,2025-05-25,473,peyxbepmam,277.3
125,2025-02-19,341,gndiyehgvd,70.18
126,2025-04-26,454,gemwlwlujn,202.69
127,2025-10-11,121,vgrzspoyet,1269.76
128,2025-12-06,139,leftnllnml,1420.8
129,2025-04-13,291,hvzwbdqhhd,542.43
130,2025-04-29,205,xjdqryhezz,1438.66
131,2025-10-05,495,ikvjithfdy,594.67
132,2025-10-09,290,qvirrpcpum,647.54
133,2025-08-11,481,mifckkfavp,73.24
134,2025-10-13,466,xdkevuziil,702.17
135,2025-04-18,432,irckvbyxpf,1449.85
136,2025-05-27,483,xowxnbgydg,1214.56
137,2025-05-29,378,ztnjjwwymd,1262.98
138,2025-01-22,298,gayymdlexs,1278.52
139,2025-07-15,477,zybdwlmrxm,302.08
140,2025-09-29,215,ptkuwlfoyn,547.29
141,2025-12-10,225,ajhbpnqrbt,954.58
142,2025-12-15,243,zptcuyjnnx,1040.38
143,2025-07-18,471,dujyffrqbb,1037.74
144,2025-05-05,108,frnimewymk,299.15
145,2025-11-16,467,lfoizctaed,116.35
146,2025-01-26,306,jnznfrxlwm,769.77
147,2025-08-02,501,ezmuwrgicc,688.06
148,2025-04-29,498,yxlphptbgx,1091.09
149,2025-10-15,388,zipybicqjz,821.54
150,2025-12-24,227,yvdgwfcfsm,1280.54
151,2025-08-14,220,opbuqrqdlf,426.13
152,2025-03-14,232,yxqanjgtto,1005.18
153,2025-02-09,418,wvhhuytfzt,463.75
154,2025-11-07,192,iwlvctpixt,1387.34
155,2025-07-11,482,hniihvieib,577.32
156,2025-05-27,388,yfinnrmgup,95.9
157,2025-12-28,289,sfxhadhiie,547.94
158,2025-11-24,195,vzpxmwxajz,623.48
159,2025-11-27,167,ycbqxbqmia,548.08
160,2025-04-25,262,wdfgbhnvxv,717.34
161,2025-02-11,430,cfatyuaawg,1259.98
162,2025-11-24,494,bsproqysyu,1239.34
163,2025-12-31,116,fakrnfodct,1323.34
164,2025-10-08,108,tjkyeivvvr,633.74
165,2025-07-03,332,fuvxtifwhn,1154.62
166,2025-04-26,176,rlseiipfde,1037.37
167,2025-09-20,380,cglzyfvays,356.52
168,2025-02-04,248,aabeddpqca,510.66
169,2025-03-29,135,kdtobjwkta,322.98
170,2025-05-14,429,bigspcrcuk,1278.0
171,2025-08-03,311,bltvwnxgxl,1342.92
172,2025-02-24,348,vskmlmpqyw,549.35
173,2025-03-23,480,cmkkaetysl,369.54
174,2025-09-25,369,chabvznpur,1386.53
175,2025-07-26,325,rgoayfswam,232.18
176,2025-02-16,132,bqbhzasdnn,511.33
177,2025-06-11,467,ljeaumrmfo,1123.92
178,2025-05-17,258,wrdpaaodim,283.9
179,2025-12-31,241,oztotnkrzp,182.86
180,2025-05-11,102,xrmhnogwtk,1076.36
181,2025-02-16,378,mswwvphjgd,904.73
182,2025-10-15,428,hawtuukchf,881.94
183,2025-07-02,414,ahkkczkyzy,285.19
184,2025-09-04,383,rakykuoels,1124.44
185,2025-02-09,203,ameiaqmhnx,904.23
186,2025-10-09,291,ipwyxsthbj,1256.47
187,2025-05-04,375,njxtesyaxd,253.75
188,2025-12-17,353,xdizuktpra,367.69
189,2025-08-29,254,rolxyezktx,803.62
190,2025-10-26,119,rjdscyfwit,1358.27
191,2025-02-21,302,gznbqsegck,1048.23
192,2025-04-14,164,tbiebdfdrl,310.8
193,2025-05-30,247,oupnhmeazp,172.0
194,2025-01-09,205,qfkoblwdxz,240.58
195,2025-11-18,134,hbgphucinn,1022.96
196,2025-09-10,187,twxhwpejhd,874.28
197,2025-06-22,461,yrwqwnzzdb,832.96
198,2025-05-26,234,dxwibhxlje,1138.67
199,2025-07-17,273,gwtwsyfysa,1456.04
200,2025-06-01,325,gbjvgccatc,165.6
201,2025-12-10,156,vpsljadzku,123.05
202,2025-02-04,192,qwmepzrdwp,712.47
203,2025-01-12,503,yytohfpojo,407.26
204,2025-04-24,303,oxrwaaeffz,117.09
205,2025-08-16,361,qyztsqohfm,1455.02
206,2025-07-20,465,hkclhowqmm,957.3
207,2025-08-13,250,meccnaivbd,206.36
208,2025-05-06,169,cgtajmomsa,1405.49
209,2025-10-03,298,bgygoabouv,856.35
210,2025-04-09,486,ewvevkzfps,1078.21
211,2025-08-06,416,rhcnyncszr,1294.38
212,2025-05-30,486,xsxuzxxajb,565.35
213,2025-03-11,394,jedgmhawpq,1321.28
214,2025-04-14,189,qlxgbkbewz,1473.2
215,2025-10-26,343,pcpjievytt,736.1
216,2025-06-02,308,nzamdjoqpr,555.89
217,2025-05-28,427,hcwnqyqnum,344.79
218,2025-04-25,121,qsovodvceh,580.72
219,2025-07-04,424,ovfgxozqtt,1127.81
220,2025-02-22,489,hirwlwfoxw,560.51
221,2025-08-29,232,wpjcvwiquq,680.91
222,2025-06-09,380,bytcxswoku,792.48
223,2025-01-21,461,weqtnqcqtz,304.58
224,2025-01-09,257,ymrczbvmkc,314.82
225,2025-05-31,133,jwprnjogkm,371.7
226,2025-04-29,249,cdosdpqyvp,668.71
227,2025-08-14,101,nlmanhrapo,1072.48
228,2025-09-02,143,ckywejvqvd,1495.9
229,2025-05-29,342,zstlgqhyfq,253.59
230,2025-08-18,394,ngojqrqtbx,926.21
231,2025-08-31,420,bhvolxzxxx,934.96
232,2025-04-12,401,mxpomlpfsx,220.32
233,2025-05-29,117,tddxkrndbw,66.61
234,2025-05-19,251,vzljkwlihb,281.14
235,2025-09-02,467,yxombcuolm,466.4
236,2025-11-27,170,syzdglnqme,335.29
237,2025-04-03,340,jllktstdof,930.23
238,2025-09-13,301,rkxrhyukic,1270.71
239,2025-08-21,122,gmashknvxb,1015.59
240,2025-06-13,117,bbbehbmdbx,300.27
241,2025-10-07,493,inajtbnsqt,1287.49
242,2025-11-21,434,balmhhfzly,653.77
243,2025-07-23,368,mshhjqncyp,694.7
244,2025-12-19,259,hprxrqzxeo,1430.01
245,2025-08-05,224,solyznknmk,776.95
246,2025-02-25,322,sccmsdcyig,1292.05
247,2025-06-23,111,devvlokyln,1413.27
248,2025-05-08,241,pqvukyqnjh,1332.02
249,2025-06-08,139,ohzzmmedhi,1348.45
250,2025-09-03,174,wlnwlvlnys,128.31
251,2025-10-18,397,mqilohdgnj,182.06
252,2025-02-08,422,cpvdesylon,116.11
253,2025-10-18,252,doxnfyrazw,1088.46
254,2025-03-27,275,nbltvxtlxp,719.27
255,2025-03-26,423,ippstndhay,971.58
256,2025-11-15,220,guqxrfvuas,817.31
257,2025-01-14,116,fmpcqeeznt,500.69
258,2025-01-11,117,xmzhlfispj,1262.72
259,2025-01-12,481,gkhhrqaptt,1041.15
260,2025-12-08,379,iasnqqojff,1194.03
261,2025-06-21,403,kubvmxvxkx,1085.39
262,2025-10-27,134,bakhormffi,1231.6
263,2025-03-12,144,gxanvefdor,851.44
264,2025-05-26,375,pnqnuosjnv,501.95
265,2025-06-15,103,ekyqnfbxay,1163.18
266,2025-10-19,502,zjoifwbwte,72.6
267,2025-02-02,207,kukhugrjtd,598.59
268,2025-04-05,303,thlvnidrve,682.55
269,2025-10-28,505,qxxvijoyyf,359.28
270,2025-04-03,381,uvrqbbnkyk,147.83
271,2025-10-19,463,bilfsqogom,159.63
272,2025-08-16,389,ivxxzexveq,335.79
273,2025-05-09,432,strvzytyvi,590.11
274,2025-05-06,262,qftbpctbqm,644.35
275,2025-07-20,184,bqktshwnhi,932.63
276,2025-12-09,318,izvyswqcrv,1289.34
277,2025-06-13,497,fltfhghduh,999.18
278,2025-08-11,144,nvraebpxbm,199.03
279,2025-11-09,183,jypzczxjtz,541.75
280,2025-06-05,199,vekiwyttic,1049.3
281,2025-01-26,310,yegboybeat,497.4
282,2025-06-24,154,vsgaypgviz,288.43
283,2025-12-12,213,atxnqtyshd,1018.67
284,2025-10-14,322,diwgfhqpji,1453.7
285,2025-05-02,278,yljulrfmnv,1108.77
286,2025-10-11,471,reismjfhmh,1001.21
287,2025-08-14,213,feleurywhf,1294.6
288,2025-06-20,168,isyvwwtwsp,728.62
289,2025-11-16,451,qxqwnyewsc,441.77
290,2025-05-18,195,tqfgmrtbqo,492.55
291,2025-05-13,502,lqpbveikyk,667.34
292,2025-05-29,252,dnjrcylqhe,467.82
293,2025-09-28,266,gpfleuroxs,407.71
294,2025-08-30,117,loshnmbmoy,889.05
295,2025-05-03,228,nubhtungxy,577.5
296,2025-10-27,432,fjwutqndxz,933.92
297,2025-03-29,223,dsqpphddvd,1277.09
298,2025-12-14,253,gnexrfliaf,669.79
299,2025-05-06,478,posmcmngzw,1247.54
300,2025-05-01,364,sojyjibhuv,725.13
301,2025-08-01,145,xcndqgdpep,1049.53
302,2025-05-24,502,awodzkiglu,1052.94
303,2025-09-12,497,cybltlkybv,728.89
304,2025-05-07,112,mugnjyzanc,409.76
305,2025-01-18,174,fckxwimice,391.18
306,2025-02-24,344,ouqzznlorb,1496.95
307,2025-02-24,351,dtyoqjajhj,1284.73
308,2025-07-15,316,aoealqvawa,643.25
309,2025-05-06,132,ycttskvkzo,414.76
310,2025-10-19,236,oqwzcriqdq,1429.58
311,2025-04-28,392,trxbquyakg,477.14
312,2025-06-06,153,eftlxjiwmb,1194.17
313,2025-12-14,236,hehzzucwuu,254.88
314,2025-07-10,167,htjehvfihz,1422.15
315,2025-09-14,230,dprfswpgpp,1105.97
316,2025-03-26,131,izstkedwza,147.44
317,2025-02-05,254,hmgluuylec,263.3
318,2025-01-27,419,fpwnxbfdqd,1371.01
319,2025-02-20,158,lzzgwqmmpo,1253.99
320,2025-03-21,298,dsdzwhvqta,1191.25
321,2025-05-29,180,rdcobdgiew,964.51
322,2025-02-08,344,ibygkkdjga,1265.38
323,2025-05-08,176,jpamrqpqzc,1036.98
324,2026-01-01,483,biadpdfosx,1443.01
325,2025-05-15,144,weawwjjyfh,936.68
326,2025-04-26,134,ostdpcgyxj,117.42
327,2025-11-05,411,hlvvfsvjqh,476.28
328,2025-09-25,321,nwmoozabnn,1375.84
329,2025-11-19,213,idyhkshxxz,648.45
330,2025-11-13,497,zcerqoqnoa,332.97
331,2025-04-03,351,tujvuiclzy,347.63
332,2025-11-29,416,nezlngdpom,1059.84
333,2025-03-11,144,avmjhcfrpe,149.16
334,2025-09-27,299,tpfjrxfqfx,1215.67
335,2025-12-25,231,yymsstlujs,969.39
336,2025-05-15,111,xudadwxztn,469.88
337,2025-09-21,138,zjzzaksqjp,1497.25
338,2026-01-04,308,xjovaglxba,181.46
339,2025-07-31,467,trvlzeevei,515.36
340,2025-10-09,368,ytmkkroqlc,128.23
341,2025-09-17,157,yupdwjznkp,823.85
342,2025-07-03,311,ngyyjxbkrz,1330.46
343,2025-11-10,351,yhntgwuzmt,854.58
344,2025-03-06,219,gcwfxwrjvo,895.93
345,2025-09-11,410,lvreignxgr,1134.74
346,2025-04-12,237,ynhssbytll,926.74
347,2025-05-20,494,yjatgcctjd,1215.58
348,2025-04-24,248,omeasfrcdi,1361.55
349,2025-05-02,502,zdqqmzoqmh,1254.21
350,2025-10-01,452,vsectwuwmu,411.48
351,2025-05-20,324,rdhywmfndj,859.66
352,2025-07-01,381,pnjyjrjran,1192.97
353,2025-01-08,183,rgruczivow,852.23
354,2025-06-21,189,ajdfbcasdu,228.59
355,2025-07-13,305,nsonjpyhlo,391.39
356,2025-03-26,390,iopmfchoit,542.12
357,2025-09-03,483,iljwfrsraq,579.1
358,2025-12-12,266,pfjznetxmq,137.18
359,2025-05-06,286,ulxqeidrfs,700.54
360,2025-12-26,311,yfqfpolxhy,1162.54
361,2025-05-20,313,rvocyvprkt,1072.14
362,2025-09-11,319,qfhvsvhiql,524.35
363,2025-05-10,168,rukrftvwql,851.97
364,2025-09-27,176,qrisouidcg,442.49
365,2025-07-18,422,gvhdbtxmpd,1234.74
366,2025-11-07,244,zupjvleqod,291.32
367,2025-03-18,138,qmlffvawzf,67.38
368,2025-10-16,364,eduofcwkft,1210.71
369,2025-02-22,155,pkzudhbwxy,381.11
370,2025-05-01,188,atkkvzslez,1365.19
371,2025-02-02,403,brzkzhevpd,597.66
372,2025-11-27,481,trelejxlto,901.26
373,2025-06-09,391,mekvprpisg,766.88
374,2025-05-21,352,yyxukgjkbw,1363.59
375,2025-04-15,231,ujqtjuluaa,455.6
376,2025-01-19,464,dssmjzfwfg,598.76
377,2026-01-05,118,ihpbfcuuxu,977.1
378,2025-07-18,143,nlqnrpsahe,581.63
379,2025-07-01,322,niptkfubeh,1220.03
380,2025-02-14,482,mxppuirpwa,137.37
381,2025-11-29,478,mbuaqxggsm,618.62
382,2025-09-19,108,nkbqveofbk,892.46
383,2025-01-29,384,yxqaidmqrp,280.33
384,2025-01-17,316,iidrgjjzhi,264.21
385,2025-11-09,195,wqfpkdzaev,671.01
386,2025-10-17,167,gipdiwpjvz,1353.93
387,2025-08-12,308,qbbyofnwxp,396.05
388,2025-10-02,481,cmqrzdfytn,123.67
389,2025-10-21,231,klomjgspvd,1008.09
390,2025-11-01,146,hmylzmyxsi,106.25
391,2025-07-14,412,tfxylbgscu,1118.03
392,2025-03-03,456,aezbiskvik,1339.11
393,2025-03-09,452,xnwzgkmejw,547.72
394,2025-04-13,228,aykrdxujzz,523.31
395,2025-10-08,130,qfnaaovbwq,144.72
396,2025-08-02,460,osolzoytwv,1123.93
397,2026-01-03,494,treyfltgwp,469.44
398,2025-03-24,400,lyfvfwpmky,255.81
399,2025-07-03,276,tbpcllofuz,617.43
400,2025-07-03,324,epocybvvax,1129.02
